list( "133", 1, "10F", 17, "12F", 1, "10F", 42, "12F", 1, "10F", 17, "13C", 1, "13C", 1 ),
list( "1F0", 1, "000", 1, "69C", 1, "692", 1, "69C", 1, "000", 1, "6A5", 1, "674", 1, "681", 1, "682", 1, "678", 1, "67E", 1, "67D", 1, "000", 5, "1A0", 1, "000", 17, "692", 1, "6A1", 1, "694", 1, "698", 1, "6A2", 1, "67E", 1, "675", 1, "683", 1, "000", 17, "1A0", 1, "000", 4, "69B", 1, "678", 1, "672", 1, "674", 1, "67D", 1, "682", 1, "674", 1, "673", 1, "000", 1, "6A3", 1, "67E", 1, "6C0", 1, "000", 1, "1F0", 1, "1F0", 1 ),
list( "1F2", 1, "10A", 8, "12A", 1, "10A", 8, "388", 1, "000", 4, "322", 1, "10A", 3, "32A", 1, "3A2", 1, "10A", 6, "32A", 1, "80F", 8, "3A2", 1, "10A", 6, "32A", 1, "3A2", 1, "10A", 3, "328", 1, "000", 4, "382", 1, "10A", 8, "12A", 1, "10A", 8, "1F8", 1, "1F8", 1 ),
list( "1F0", 1, "000", 8, "1A0", 1, "000", 12, "32A", 1, "80F", 2, "3A2", 1, "32A", 1, "000", 2, "3A2", 1, "000", 4, "81F", 1, "000", 2, "32A", 1, "80F", 5, "3A2", 1, "32A", 1, "000", 5, "32A", 1, "000", 2, "3A2", 1, "32A", 1, "80F", 2, "3A2", 1, "000", 12, "1A0", 1, "000", 8, "1F0", 1, "1F0", 1 ),
list( "1F2", 1, "12A", 2, "10A", 1, "12A", 1, "10A", 4, "388", 1, "000", 11, "32A", 1, "000", 1, "32A", 1, "3A2", 1, "800", 2, "32A", 1, "3A2", 1, "000", 1, "3A2", 1, "000", 3, "81F", 1, "000", 1, "81F", 1, "000", 12, "32A", 1, "000", 1, "32A", 1, "3A2", 1, "800", 2, "32A", 1, "3A2", 1, "000", 1, "3A2", 1, "000", 11, "382", 1, "10A", 4, "12A", 1, "10A", 1, "12A", 2, "1F8", 1, "1F8", 1 ),
list( "1F0", 1, "000", 1, "1A0", 1, "000", 1, "1A0", 1, "000", 15, "32A", 1, "000", 1, "32A", 1, "1A0", 1, "000", 5, "3A2", 1, "800", 1, "810", 1, "000", 2, "81F", 1, "000", 2, "3A2", 1, "800", 5, "32A", 1, "3A2", 1, "000", 3, "81F", 1, "800", 1, "32A", 1, "000", 5, "1A0", 1, "3A2", 1, "000", 1, "3A2", 1, "000", 15, "1A0", 1, "000", 1, "1A0", 1, "000", 1, "1F0", 1, "1F0", 1 ),
list( "1F2", 1, "1AA", 2, "10A", 1, "388", 1, "000", 14, "32A", 1, "800", 1, "32A", 1, "000", 1, "382", 1, "10A", 11, "3A2", 1, "800", 8, "32A", 1, "10A", 11, "388", 1, "000", 1, "3A2", 1, "800", 1, "3A2", 1, "000", 14, "382", 1, "10A", 1, "1AA", 2, "1F8", 1, "1F8", 1 ),
list( "1F0", 1, "000", 1, "1A0", 1, "000", 15, "81F", 1, "32A", 1, "000", 40, "3A2", 1, "810", 1, "000", 15, "1A0", 1, "000", 1, "1F0", 1, "1F0", 1 ),
list( "1F2", 1, "1AA", 1, "1A8", 1, "000", 28, "003", 1, "B07", 1, "003", 1, "001", 1, "622", 1, "62E", 1, "62D", 1, "633", 1, "631", 1, "62E", 1, "62B", 1, "001", 1, "003", 1, "B07", 1, "000", 28, "1A2", 1, "1AA", 1, "1F8", 1, "1F8", 1 ),
list( "1F0", 1, "000", 1, "1A0", 1, "000", 13, "B06", 1, "000", 2, "62C", 1, "628", 1, "632", 2, "628", 1, "62E", 1, "62D", 1, "000", 8, "003", 3, "000", 8, "62C", 1, "620", 1, "62D", 1, "620", 1, "626", 1, "624", 1, "631", 1, "04A", 1, "000", 1, "B06", 1, "000", 13, "1A0", 1, "000", 1, "1F0", 1, "1F0", 1 ),
list( "1F2", 1, "1AA", 1, "1A8", 1, "000", 74, "1A2", 1, "1AA", 1, "1F8", 1, "1F8", 1 ),
list( "1F0", 1, "000", 1, "1A0", 1, "322", 1, "10A", 13, "12A", 1, "10A", 13, "328", 1, "000", 1, "322", 1, "10A", 12, "328", 1, "000", 1, "322", 1, "10A", 27, "328", 1, "1A0", 1, "000", 1, "1F0", 1, "1F0", 1 ),
list( "1F2", 1, "1AA", 1, "1A8", 1, "1A2", 1, "10C", 1, "69F", 1, "6A1", 1, "69E", 1, "696", 1, "6C0", 1, "6C0", 1, "000", 4, "6C0", 1, "103", 1, "1AA", 1, "10C", 1, "6A1", 1, "69D", 1, "69C", 1, "693", 1, "6C0", 1, "6C0", 1, "000", 4, "6C0", 1, "103", 1, "1AA", 1, "10A", 1, "188", 1, "000", 4, "698", 1, "69D", 1, "695", 1, "69E", 1, "000", 4, "182", 1, "10A", 1, "1AA", 1, "10C", 1, "000", 25, "103", 1, "1A8", 1, "1A2", 1, "1AA", 1, "1F8", 1, "1F8", 1 ),
list( "1F0", 1, "000", 1, "1A0", 1, "1A2", 1, "10A", 13, "18A", 1, "10A", 13, "188", 1, "000", 5, "692", 1, "694", 1, "69D", 1, "6A3", 1, "694", 1, "6A1", 1, "000", 5, "182", 1, "10A", 27, "1A8", 1, "1A0", 1, "000", 1, "1F0", 1, "1F0", 1 ),
list( "1F2", 1, "1AA", 1, "1A8", 1, "1A0", 1, "000", 1, "6C0", 1, "69C", 1, "6A2", 1, "696", 1, "6C0", 1, "000", 66, "1A0", 1, "1A2", 1, "1AA", 1, "1F8", 1, "1F8", 1 ),
list( "1F0", 1, "000", 1, "1A0", 2, "000", 2, "F04", 1, "000", 69, "1A0", 2, "000", 1, "1F0", 1, "1F0", 1 ),
list( "1F2", 1, "1AA", 1, "1A8", 1, "1A0", 1, "000", 2, "F04", 1, "000", 69, "1A0", 1, "1A2", 1, "1AA", 1, "1F8", 1, "1F8", 1 ),
list( "1F2", 1, "10A", 1, "388", 1, "1A2", 1, "10B", 1, "10F", 20, "13F", 1, "10F", 28, "13F", 1, "10F", 20, "10E", 1, "1A8", 1, "382", 1, "10A", 1, "1F8", 1, "1F8", 1 ),
list( "1F0", 1, "000", 2, "1B3", 1, "10E", 1, "1F3", 1, "10F", 1, "C49", 1, "C59", 1, "C69", 1, "000", 1, "692", 1, "690", 1, "6A4", 1, "6A3", 1, "698", 1, "69E", 1, "69D", 1, "000", 1, "CA9", 1, "C99", 1, "C89", 1, "10F", 1, "1FC", 1, "10B", 1, "1FF", 1, "10E", 5, "10B", 1, "000", 1, "6A2", 1, "6A8", 1, "6A2", 1, "6A3", 1, "694", 1, "69C", 1, "6A2", 1, "000", 1, "6A2", 1, "6A3", 1, "690", 1, "6A3", 1, "6A4", 1, "6A2", 1, "000", 1, "10E", 1, "10B", 5, "1FF", 1, "10E", 1, "1A2", 1, "10A", 1, "C40", 1, "C50", 1, "C60", 1, "000", 1, "6A6", 1, "690", 1, "6A1", 1, "69D", 1, "698", 1, "69D", 1, "696", 1, "000", 1, "CA0", 1, "C90", 1, "C80", 1, "10A", 1, "1A8", 1, "10B", 1, "1BC", 1, "000", 2, "1F0", 1, "1F0", 1 ),
list( "1F0", 1, "000", 2, "1F3", 1, "10F", 10, "13F", 1, "10F", 10, "1FF", 1, "10F", 12, "13F", 1, "10F", 2, "13F", 1, "10F", 12, "1FF", 1, "10F", 10, "13F", 1, "10F", 10, "1FC", 1, "000", 2, "1F0", 1, "1F0", 1 ),
list( "1F0", 1, "000", 2, "1E0", 1, "000", 1, "690", 1, "6A4", 1, "6A3", 1, "69E", 1, "000", 1, "6A2", 1, "6A3", 1, "696", 1, "000", 1, "1F0", 1, "000", 2, "697", 1, "69E", 1, "6A3", 1, "6A2", 1, "6A3", 1, "696", 1, "000", 2, "1F0", 1, "000", 5, "69C", 1, "694", 1, "692", 1, "69E", 1, "000", 3, "1F2", 1, "328", 1, "322", 1, "1F8", 1, "000", 3, "6A1", 1, "692", 1, "6A2", 1, "000", 6, "1F0", 1, "000", 2, "692", 1, "697", 1, "6A4", 1, "6A3", 1, "694", 1, "000", 3, "1F0", 1, "000", 1, "6A2", 1, "69F", 1, "698", 1, "69D", 1, "6A2", 1, "6A3", 1, "690", 1, "691", 1, "000", 1, "1E0", 1, "000", 2, "1F0", 1, "1F0", 1 ),
list( "1F0", 1, "000", 2, "382", 1, "10B", 1, "10F", 9, "1CF", 1, "10F", 10, "1CF", 1, "10F", 5, "12F", 1, "10F", 6, "1CF", 1, "2AF", 2, "1CF", 1, "10F", 6, "12F", 1, "10F", 5, "1CF", 1, "10F", 10, "1CF", 1, "10F", 9, "10E", 1, "388", 1, "000", 2, "1F0", 1, "1F0", 1 ),
list( "1F2", 1, "10A", 1, "322", 1, "12A", 1, "10A", 26, "108", 1, "1B0", 1, "10A", 2, "10B", 1, "C49", 1, "000", 1, "6A4", 1, "69F", 1, "69B", 1, "698", 1, "69D", 1, "69A", 1, "000", 1, "C89", 1, "10E", 1, "10A", 2, "1B0", 1, "102", 1, "10A", 26, "12A", 1, "328", 1, "10A", 1, "1F8", 1, "1F8", 1 ),
list( "1F0", 1, "000", 1, "1A2", 1, "1BB", 1, "10F", 6, "10C", 1, "690", 1, "6A2", 1, "692", 1, "694", 1, "69D", 1, "6A3", 1, "000", 1, "693", 1, "690", 1, "6A3", 1, "690", 1, "000", 9, "1C3", 1, "10F", 7, "1AC", 1, "1A3", 1, "10F", 7, "1CC", 1, "103", 1, "10F", 2, "10C", 1, "69E", 1, "6A1", 1, "691", 1, "698", 1, "6A3", 1, "690", 1, "69B", 1, "000", 1, "693", 1, "690", 1, "6A3", 1, "690", 1, "000", 11, "1AA", 1, "1A8", 1, "000", 1, "1F0", 1, "1F0", 1 ),
list( "1F0", 1, "000", 1, "1A0", 1, "1F0", 1, "000", 33, "1A0", 1, "000", 1, "1A0", 2, "000", 1, "1A0", 1, "1F0", 1, "000", 32, "1A0", 2, "000", 1, "1F0", 1, "1F0", 1 ),
list( "1F0", 1, "000", 1, "1A0", 1, "1F3", 1, "10F", 1, "12F", 1, "10F", 1, "C59", 1, "000", 1, "690", 1, "69B", 1, "6A3", 1, "698", 1, "6A3", 1, "6A4", 1, "693", 1, "694", 1, "000", 20, "1A0", 1, "000", 1, "1A0", 2, "000", 1, "1A0", 1, "1F3", 1, "10F", 1, "12F", 1, "10F", 1, "C59", 1, "000", 1, "690", 1, "69F", 1, "69E", 1, "690", 1, "69F", 1, "6A2", 1, "698", 1, "6A2", 1, "000", 19, "1A0", 2, "000", 1, "1F0", 1, "1F0", 1 ),
list( "1F0", 1, "000", 1, "1A0", 1, "1F0", 1, "000", 1, "1A2", 1, "10A", 2, "10B", 1, "000", 1, "690", 1, "6A2", 1, "69B", 1, "000", 1, "6C0", 1, "000", 3, "6B0", 8, "000", 1, "67C", 1, "000", 9, "1A0", 1, "000", 1, "1A0", 2, "000", 1, "1A0", 1, "1F0", 1, "000", 1, "1A2", 1, "10A", 2, "10B", 1, "000", 1, "692", 1, "6A4", 1, "6A1", 1, "000", 1, "6C0", 1, "000", 3, "6B1", 1, "6B2", 1, "6B3", 1, "6B4", 1, "6B5", 1, "6D0", 1, "6B7", 1, "6B8", 1, "000", 1, "69A", 1, "67C", 1, "000", 7, "1A0", 2, "000", 1, "1F0", 1, "1F0", 1 ),
list( "1F0", 1, "000", 1, "1A0", 1, "1F0", 1, "000", 1, "1A2", 1, "10A", 2, "10B", 1, "000", 1, "690", 1, "696", 1, "69B", 1, "000", 1, "6C0", 1, "000", 3, "6B0", 8, "000", 1, "67C", 1, "000", 9, "1A0", 1, "000", 1, "1A0", 2, "000", 1, "1A0", 1, "1F0", 1, "000", 1, "382", 1, "10A", 2, "10B", 1, "000", 1, "694", 1, "6A3", 1, "690", 1, "000", 1, "6C0", 1, "000", 3, "6B0", 2, "67C", 1, "000", 1, "6B1", 1, "6B5", 1, "6D0", 1, "6B1", 1, "000", 1, "682", 1, "000", 8, "1A0", 2, "000", 1, "1F0", 1, "1F0", 1 ),
list( "1F0", 1, "000", 1, "1A0", 1, "1F0", 1, "000", 1, "382", 1, "10A", 2, "10B", 1, "000", 1, "693", 1, "6A3", 1, "691", 1, "000", 1, "6C0", 1, "000", 3, "6B0", 8, "000", 1, "67C", 1, "000", 9, "1A0", 1, "000", 1, "1A0", 2, "000", 1, "1A0", 1, "1F0", 1, "000", 32, "1A0", 2, "000", 1, "1F0", 1, "1F0", 1 ),
list( "1F0", 1, "000", 1, "1A0", 1, "1F0", 1, "000", 33, "1A0", 1, "000", 1, "1A0", 2, "000", 1, "1A0", 1, "1F3", 1, "10F", 1, "12F", 1, "10F", 1, "C59", 1, "000", 1, "69F", 1, "694", 1, "6A1", 1, "698", 1, "690", 1, "69F", 1, "6A2", 1, "698", 1, "6A2", 1, "000", 18, "1A0", 2, "000", 1, "1F0", 1, "1F0", 1 ),
list( "1F0", 1, "000", 1, "1A0", 1, "1F3", 1, "10F", 1, "12F", 1, "10F", 1, "C59", 1, "000", 1, "6A5", 1, "694", 1, "69B", 1, "69E", 1, "692", 1, "698", 1, "6A3", 1, "6A8", 1, "000", 20, "1A0", 1, "000", 1, "1A0", 2, "000", 1, "1A0", 1, "1F0", 1, "000", 1, "1A2", 1, "10A", 2, "10B", 1, "000", 1, "692", 1, "6A4", 1, "6A1", 1, "000", 1, "6C0", 1, "000", 3, "6B2", 1, "6B3", 1, "6B4", 1, "6B5", 1, "6B6", 1, "6D0", 1, "6B7", 1, "6B8", 1, "000", 1, "69A", 1, "67C", 1, "000", 7, "1A0", 2, "000", 1, "1F0", 1, "1F0", 1 ),
list( "1F0", 1, "000", 1, "1A0", 1, "1F0", 1, "000", 1, "1A2", 1, "10A", 2, "10B", 1, "000", 2, "6A2", 1, "6A1", 1, "695", 1, "000", 1, "6C0", 1, "000", 6, "6B0", 4, "000", 1, "67C", 1, "6D0", 1, "682", 1, "000", 7, "1A0", 1, "000", 1, "1A0", 2, "000", 1, "1A0", 1, "1F0", 1, "000", 1, "382", 1, "10A", 2, "10B", 1, "000", 1, "694", 1, "6A3", 1, "690", 1, "000", 1, "6C0", 1, "000", 3, "6B0", 2, "67C", 1, "000", 1, "6B1", 1, "6B5", 1, "6D0", 1, "6B1", 1, "000", 1, "682", 1, "000", 8, "1A0", 2, "000", 1, "1F0", 1, "1F0", 1 ),
list( "1F0", 1, "000", 1, "1A0", 1, "1F0", 1, "000", 1, "1A2", 1, "10A", 2, "10B", 1, "000", 2, "69E", 1, "691", 1, "6A3", 1, "000", 1, "6C0", 1, "000", 6, "6B0", 4, "000", 1, "67C", 1, "6D0", 1, "682", 1, "000", 7, "1A0", 1, "000", 1, "1A0", 2, "000", 1, "1A0", 1, "1F0", 1, "000", 32, "1A0", 2, "000", 1, "1F0", 1, "1F0", 1 ),
list( "1F0", 1, "000", 1, "1A0", 1, "1F0", 1, "000", 1, "1A2", 1, "10A", 2, "10B", 1, "000", 1, "6A5", 1, "694", 1, "6A1", 1, "6A3", 1, "000", 1, "6C0", 1, "000", 6, "6B0", 4, "000", 1, "67C", 1, "6D0", 1, "682", 1, "000", 7, "1A0", 1, "000", 1, "1A0", 2, "000", 1, "1A0", 1, "1F3", 1, "10F", 1, "12F", 1, "10F", 1, "C59", 1, "000", 1, "698", 1, "69D", 1, "692", 1, "69B", 1, "698", 1, "69D", 1, "690", 1, "6A3", 1, "698", 1, "69E", 1, "69D", 1, "000", 16, "1A0", 2, "000", 1, "1F0", 1, "1F0", 1 ),
list( "1F0", 1, "000", 1, "1A0", 1, "1F0", 1, "000", 1, "382", 1, "10A", 2, "10B", 1, "000", 1, "697", 1, "69E", 1, "6A1", 1, "6A9", 1, "000", 1, "6C0", 1, "000", 6, "6B0", 4, "000", 1, "67C", 1, "6D0", 1, "682", 1, "000", 7, "1A0", 1, "000", 1, "1A0", 2, "000", 1, "1A0", 1, "1F0", 1, "000", 1, "1A2", 1, "10A", 2, "10B", 1, "000", 1, "692", 1, "6A4", 1, "6A1", 1, "000", 1, "6C0", 1, "000", 3, "6B2", 1, "6B3", 1, "6B4", 1, "6B5", 1, "6B6", 1, "6D0", 1, "6B7", 1, "6B8", 1, "000", 1, "69A", 1, "67C", 1, "000", 7, "1A0", 2, "000", 1, "1F0", 1, "1F0", 1 ),
list( "1F0", 1, "000", 1, "1A0", 1, "1F0", 1, "000", 33, "1A0", 1, "000", 1, "1A0", 2, "000", 1, "1A0", 1, "1F0", 1, "000", 1, "382", 1, "10A", 2, "10B", 1, "000", 1, "69B", 1, "690", 1, "69D", 1, "000", 1, "6C0", 1, "000", 5, "6B1", 1, "6B8", 1, "6B0", 1, "6D0", 1, "6B0", 2, "000", 1, "682", 1, "000", 8, "1A0", 2, "000", 1, "1F0", 1, "1F0", 1 ),
list( "1F0", 1, "000", 1, "382", 1, "18A", 1, "10A", 33, "388", 1, "000", 1, "1A0", 2, "000", 1, "382", 1, "18A", 1, "10A", 32, "18A", 1, "388", 1, "000", 1, "1F0", 1, "1F0", 1 ),
list( "1F3", 1, "10F", 5, "10E", 1, "10A", 32, "2AF", 2, "10A", 32, "10B", 1, "10F", 5, "1FC", 1, "1FC", 1 ),
list( "1F0", 1, "000", 1, "322", 1, "12A", 1, "10A", 35, "2AF", 2, "10A", 35, "12A", 1, "328", 1, "000", 1, "1F0", 1, "1F0", 1 ),
list( "1F0", 1, "000", 1, "1A2", 1, "1BB", 1, "10F", 6, "10C", 1, "694", 1, "69D", 1, "696", 1, "698", 1, "69D", 1, "694", 1, "000", 1, "693", 1, "690", 1, "6A3", 1, "690", 1, "000", 17, "1A0", 2, "000", 35, "1AA", 1, "1A8", 1, "000", 1, "1F0", 1, "1F0", 1 ),
list( "1F0", 1, "000", 1, "1A0", 1, "1F0", 1, "000", 35, "1A0", 2, "000", 35, "1A0", 2, "000", 1, "1F0", 1, "1F0", 1 ),
list( "1F0", 1, "000", 1, "1A0", 1, "1F3", 1, "10F", 1, "12F", 1, "10F", 1, "C59", 1, "000", 1, "6A3", 1, "697", 1, "6A1", 1, "6A4", 1, "6A2", 1, "6A3", 1, "000", 24, "1A0", 2, "000", 35, "1A0", 2, "000", 1, "1F0", 1, "1F0", 1 ),
list( "1F0", 1, "000", 1, "1A0", 1, "1F0", 1, "000", 1, "1A2", 1, "10A", 2, "10B", 1, "000", 1, "690", 1, "6A5", 1, "69B", 1, "000", 1, "6C0", 1, "000", 3, "6B0", 8, "000", 1, "67C", 1, "000", 11, "1A0", 2, "000", 35, "1A0", 2, "000", 1, "1F0", 1, "1F0", 1 ),
list( "1F0", 1, "000", 1, "1A0", 1, "1F0", 1, "000", 1, "1A2", 1, "10A", 2, "10B", 1, "000", 1, "692", 1, "6A4", 1, "6A1", 1, "000", 1, "6C0", 1, "000", 3, "6B0", 8, "000", 1, "67C", 1, "000", 11, "1A0", 2, "000", 35, "1A0", 2, "000", 1, "1F0", 1, "1F0", 1 ),
list( "1F0", 1, "000", 1, "1A0", 1, "1F0", 1, "000", 1, "382", 1, "10A", 2, "10B", 1, "000", 1, "6A3", 1, "6A6", 1, "6A1", 1, "000", 1, "6C0", 1, "000", 3, "6B0", 8, "000", 1, "67C", 1, "000", 11, "1A0", 2, "000", 35, "1A0", 2, "000", 1, "1F0", 1, "1F0", 1 ),
list( "1F0", 1, "000", 1, "382", 1, "18A", 1, "10A", 35, "28F", 2, "10A", 35, "18A", 1, "388", 1, "000", 1, "1F0", 1, "1F0", 1 ),
list( "1F3", 1, "10F", 78, "1FC", 1, "1FC", 1 ),
list( "1F0", 1, "000", 78, "1F0", 1, "1F0", 1 ),
list( "1F0", 1, "000", 78, "1F0", 1, "1F0", 1 ),
list( "1C3", 1, "10F", 78, "1CC", 1, "1CC", 1 )
