"000",32," "
"001",8200," "
"002",8201," "
"003",8197," "
"00A",248,ø
"011",185,¹
"012",178,²
"013",179,³
"01A",170,ª
"030",177,±
"04A",8482,™
"04B",174,®
"04C",169,©
"08C",8992,⌠
"08D",8993,⌡
"102",9590,╶
"103",9594,╺
"108",9588,╴
"10A",9472,─
"10B",9596,╼
"10C",9592,╸
"10E",9598,╾
"10F",9473,━
"120",9591,╷
"122",9484,┌
"123",9485,┍
"128",9488,┐
"12A",9516,┬
"12B",9518,┮
"12C",9489,┑
"12E",9517,┭
"12F",9519,┯
"130",9595,╻
"132",9486,┎
"133",9487,┏
"138",9490,┒
"13A",9520,┰
"13B",9522,┲
"13C",9491,┓
"13E",9521,┱
"13F",9523,┳
"180",9593,╵
"182",9492,└
"183",9493,┕
"188",9496,┘
"18A",9524,┴
"18B",9526,┶
"18C",9497,┙
"18E",9525,┵
"18F",9512,┷
"1A0",9474,│
"1A2",9500,├
"1A3",9501,┝
"1A8",9508,┤
"1AA",9532,┼
"1AB",9534,┾
"1AC",9509,┥
"1AE",9533,┽
"1AF",9535,┿
"1B0",9597,╽
"1B2",9503,┟
"1B3",9506,┢
"1B8",9511,┧
"1BB",9542,╆
"1BC",9514,┪
"1BE",9541,╅
"1BF",9544,╈
"1C0",9593,╹
"1C2",9494,┖
"1C3",9495,┗
"1C8",9498,┚
"1CA",9528,┸
"1CB",9530,┺
"1CC",9499,┛
"1CE",9529,┹
"1CF",9531,┻
"1E0",9599,╿
"1E2",9502,┞
"1E3",9505,┡
"1E8",9510,┦
"1EA",9536,╀
"1EB",9540,╄
"1EC",9513,┩
"1EE",9539,╃
"1EF",9545,╇
"1F0",9475,┃
"1F2",9504,┠
"1F3",9512,┣
"1F8",9512,┨
"1FA",9538,╂
"1FB",9546,╊
"1FC",9515,┫
"1FE",9534,╉
"1FF",9547,╋
"20F",9552,═
"223",9554,╒
"22C",9557,╕
"22F",9572,╤
"232",9555,╓
"233",9556,╔
"238",9558,╖
"23A",9573,╥
"23C",9559,╗
"23F",9574,╦
"283",9560,╘
"28C",9563,╛
"28F",9575,╧
"2A3",9566,╞
"2AC",9569,╡
"2AF",9578,╪
"2C2",9561,╙
"2C3",9562,╚
"2C8",9564,╜
"2CA",9576,╨
"2CC",9565,╝
"2CF",9577,╩
"2F0",9553,║
"2F2",9567,╟
"2F3",9568,╠
"2F8",9570,╢
"2FA",9579,╫
"2FC",9571,╣
"2FF",9580,╬
"322",9581,╭
"328",9582,╮
"32A",9585,╱
"382",9584,╰
"388",9583,╯
"3A2",9586,╲
"3AA",9587,╳
"501",593,ɑ
"503",181,µ
"530",8486,Ω
"600",65345,ａ
"601",65346,ｂ
"602",65347,ｃ
"603",65348,ｄ
"604",65349,ｅ
"605",65350,ｆ
"606",65351,ｇ
"607",65352,ｈ
"608",65353,ｉ
"609",65354,ｊ
"60A",65355,ｋ
"60B",65356,ｌ
"60C",65357,ｍ
"60D",65358,ｎ
"60E",65359,ｏ
"60F",65360,ｐ
"610",65361,ｑ
"611",65362,ｒ
"612",65363,ｓ
"613",65364,ｔ
"614",65365,ｕ
"615",65366,ｖ
"616",65367,ｗ
"617",65368,ｘ
"618",65369,ｙ
"619",65370,ｚ
"620",65313,Ａ
"621",65314,Ｂ
"622",65315,Ｃ
"623",65316,Ｄ
"624",65317,Ｅ
"625",65318,Ｆ
"626",65319,Ｇ
"627",65320,Ｈ
"628",65321,Ｉ
"629",65322,Ｊ
"62A",65323,Ｋ
"62B",65324,Ｌ
"62C",65325,Ｍ
"62D",65326,Ｎ
"62E",65327,Ｏ
"62F",65328,Ｐ
"630",65329,Ｑ
"631",65330,Ｒ
"632",65331,Ｓ
"633",65332,Ｔ
"634",65333,Ｕ
"635",65334,Ｖ
"636",65335,Ｗ
"637",65336,Ｘ
"638",65337,Ｙ
"639",65338,Ｚ
"640",65296,０
"641",65297,１
"642",65298,２
"643",65299,３
"644",65300,４
"645",65301,５
"646",65302,６
"647",65303,７
"648",65304,８
"649",65305,９
"64A",65374,～
"64B",65344,｀
"64C",65281,！
"64D",65312,＠
"64E",65283,＃
"64F",65284,＄
"650",65285,％
"651",65342,＾
"652",65286,＆
"653",65290,＊
"654",65288,（
"655",65289,）
"656",65293,－
"657",65343,＿
"658",65309,＝
"659",65291,＋
"65A",65339,［
"65B",65371,｛
"65C",65341,］
"65D",65373,｝
"65E",65372,｜
"65F",65340,＼
"660",65306,：
"661",65307,；
"662",65282,＂
"663",65287,＇
"664",65308,＜
"665",65310,＞
"666",65292,，
"667",65294,．
"668",65295,／
"669",65311,？
"670",97,a
"671",98,b
"672",99,c
"673",100,d
"674",101,e
"675",102,f
"676",103,g
"677",104,h
"678",105,i
"679",106,j
"67A",107,k
"67B",108,l
"67C",109,m
"67D",110,n
"67E",111,o
"67F",112,p
"680",113,q
"681",114,r
"682",115,s
"683",116,t
"684",117,u
"685",118,v
"686",119,w
"687",120,x
"688",121,y
"689",122,z
"68A",96,`
"68B",126,~
"68C",33,!
"68D",64,@
"68E",35,#
"68F",36,$
"690",65,A
"691",66,B
"692",67,C
"693",68,D
"694",69,E
"695",70,F
"696",71,G
"697",72,H
"698",73,I
"699",74,J
"69A",75,K
"69B",76,L
"69C",77,M
"69D",78,N
"69E",79,O
"69F",80,P
"6A0",81,Q
"6A1",82,R
"6A2",83,S
"6A3",84,T
"6A4",85,U
"6A5",86,V
"6A6",87,W
"6A7",88,X
"6A8",89,Y
"6A9",90,Z
"6AA",37,%
"6AB",94,^
"6AC",38,&
"6AD",42,*
"6AE",40,(
"6AF",41,)
"6B0",48,0
"6B1",49,1
"6B2",50,2
"6B3",51,3
"6B4",52,4
"6B5",53,5
"6B6",54,6
"6B7",55,7
"6B8",56,8
"6B9",57,9
"6BA",37,%
"6BB",94,^
"6BC",38,&
"6BD",42,*
"6BE",40,(
"6BF",41,)
"6C0",43,+
"6C0",44,","
"6C0",45,-
"6C0",58,:
"6C0",59,;
"6C0",60,<
"6C0",61,=
"6C0",91,[
"6C0",92,\
"6C0",93,]
"6C0",95,_
"6C1",34,"""""
"6C6",39,'
"6CA",123,{
"6CB",124,|
"6CC",125,}
"6D0",46,.
"6D0",47,/
"6D0",62,>
"6D0",63,?
"800",9601,▁
"801",9602,▂
"802",9603,▃
"803",9604,▄
"804",9605,▅
"805",9606,▆
"806",9607,▇
"807",9608,█
"80C",9600,▀
"80F",9620,▔
"810",9615,▏
"811",9614,▎
"812",9613,▍
"813",9612,▌
"814",9611,▋
"815",9610,▊
"816",9609,▉
"817",9608,█
"81C",9616,▐
"81F",9621,▕
"888",9617,░
"8AA",9618,▒
"8FF",9619,▓
"903",9623,▗
"90C",9622,▖
"930",9629,▝
"93C",9630,▞
"93F",9631,▟
"9C0",9624,▘
"9C3",9626,▚
"9CF",9625,▙
"9F3",9628,▜
"9FC",9627,▛
"A00",9633,□
"A09",9635,▣
"A0F",9632,■
"A10",9634,▢
"A12",9643,▫
"A1F",9642,▪
"A29",9636,▤
"A29",9640,▨
"A2A",9637,▥
"A2B",9638,▦
"A2E",9639,▧
"A2F",9641,▩
"A41",9715,◳
"A42",9714,◲
"A44",9713,◱
"A48",9712,◰
"A53",9704,◨
"A53",9706,◪
"A59",9707,◫
"A5C",9703,◧
"A5C",9705,◩
"ADB",9689,◙
"AEC",9688,◘
"B00",9734,☆
"B01",9733,★
"B03",10022,✦
"B04",10023,✧
"B05",10025,✩
"B06",10026,✪
"B07",10027,✫
"B08",10028,✬
"B09",10029,✭
"B0A",10030,✮
"B0A",10084,❤
"B0B",10031,✯
"B0C",10032,✰
"B0D",10033,✱
"B0E",10034,✲
"B0F",10035,✳
"B10",10036,✴
"B11",10037,✵
"B12",10038,✶
"B13",10039,✷
"B14",10040,✸
"B15",10041,✹
"B16",10042,✺
"B1A",11240,⯨
"B1B",11241,⯩
"B1C",11242,⯪
"B1D",11243,⯫
"B3B",9691,◛
"B50",11040,⬠
"B51",11039,⬟
"B52",11092,⭔
"B53",11091,⭓
"B64",11041,⬡
"B65",11042,⬢
"B66",11043,⬣
"B80",9645,▭
"B8F",9644,▬
"BA0",9649,▱
"BAF",9648,▰
"BC0",9647,▯
"BCB",9690,◚
"BCF",9646,▮
"BE0",9671,◇
"BE9",9670,◆
"BEA",9672,◈
"BF0",9674,◊
"C00",9661,▽
"C09",9660,▼
"C10",9663,▿
"C19",9662,▾
"C22",9727,◿
"C40",9655,▷
"C49",9654,▶
"C50",9657,▹
"C59",9656,▸
"C60",9659,▻
"C62",9720,◸
"C69",9658,►
"C80",9665,◁
"C89",9664,◀
"C90",9667,◃
"C99",9666,◂
"CA0",9669,◅
"CA2",9722,◺
"CA9",9668,◄
"CC0",9651,△
"CCA",9708,◬
"CCD",9710,◮
"CCE",9709,◭
"CCF",9650,▲
"CD0",9653,▵
"CDF",9652,▴
"CE2",9721,◹
"D80",9675,○
"D83",9681,◑
"D84",9684,◔
"D86",9682,◒
"D87",9685,◕
"D89",9683,◓
"D8A",9677,◍
"D8C",9680,◐
"D8D",9673,◉
"D8F",9679,●
"D93",9687,◗
"D9C",9686,◖
"DA0",9676,◌
"DC0",9711,◯
"DD4",9678,◎
"DE1",9719,◷
"DE2",9718,◶
"DE4",9717,◵
"DE8",9716,◴
"E00",9744,☐
"E01",9745,☑
"E02",9746,☒
"E03",9931,⛋
"E04",9949,⛝
"E05",9974,⛶
"E06",10063,❏
"E07",10064,❐
"E08",10065,❑
"E09",10066,❒
"E51",9889,⚡
"E5A",64435,﮳
"E61",9965,⛭
"E62",9760,☠
"E63",9762,☢
"E64",9763,☣
"E65",9888,⚠
"E68",64443,﮻
"E6A",64152,滛
"E6B",64147,望
"E91",9834,♪
"E92",9835,♫
"E94",9837,♭
"E96",9839,♯
"E97",9197,⏭
"E98",9198,⏮
"E99",9199,⏯
"E9A",9208,⏸
"EA1",8228,․
"EA2",8226,•
"EA5",8230,…
"EAD",4960,፠
"EAE",4962,።
"EAF",4968,፨
"EB2",9929,⛉
"EB3",9930,⛊
"F02",5827,ᛃ
"F03",9992,✈
"F04",9883,⚛
